Nom,Activité,Score,Date,Statut
Jean Dupont,Quiz général,85,01/08/2025,Validé
Claire Martin,Course 5km,22:15,02/08/2025,Validé
Thomas Leroy,Jeu de mémoire,72,03/08/2025,En attente
Sophie Bernard,Test logique,90,04/08/2025,Validé
Julien Moreau,Concours photo,78,05/08/2025,Rejeté
Laura Petit,Quiz général,88,06/08/2025,Validé
Marc Dubois,Course 5km,24:10,07/08/2025,Validé
Emma Rousseau,Jeu de mémoire,65,08/08/2025,En attente
Nicolas Fabre,Test logique,92,09/08/2025,Validé
Camille Noël,Concours photo,81,10/08/2025,Validé
Antoine Lefevre,Quiz général,76,11/08/2025,Validé
Chloé Colin,Course 5km,21:45,12/08/2025,Validé
Thomas Perrot,Jeu de mémoire,69,13/08/2025,Rejeté
Sarah Marchand,Test logique,87,14/08/2025,Validé
Hugo Bernard,Concours photo,74,15/08/2025,En attente
Léa Rousseau,Quiz général,91,16/08/2025,Validé
Maxime Garnier,Course 5km,23:05,17/08/2025,Validé
Clara Petit,Jeu de mémoire,70,18/08/2025,Validé
Hugo Noël,Test logique,89,19/08/2025,Validé
Manon Roy,Concours photo,80,20/08/2025,Validé
